Date,AAPL,MSFT,GOOGL,AMZN,TSLA,META,NVDA,AMD,INTC,IBM,ORCL,CSCO,ADBE,SAP,CRM,QCOM,SHOP,NFLX,PYPL,UBER
2025-01-02 00:00:00-05:00,242.9874267578125,416.2925109863281,188.81442260742188,220.22000122070312,379.2799987792969,598.2470703125,138.27987670898438,120.62999725341797,20.219999313354492,215.58255004882812,164.68016052246094,57.962135314941406,441.0,240.9415283203125,329.61859130859375,151.04396057128906,107.52999877929688,886.72998046875,86.18000030517578,63.16999816894531
2025-01-03 00:00:00-05:00,242.49916076660156,421.0364685058594,191.166748046875,224.19000244140625,410.44000244140625,603.6281127929688,144.43853759765625,125.37000274658203,20.559999465942383,218.2388458251953,164.9678192138672,58.12012481689453,430.57000732421875,239.2369384765625,331.8515319824219,155.16314697265625,109.25,881.0499877929688,87.5999984741211,64.58999633789062
2025-01-06 00:00:00-05:00,244.1333465576172,425.5118713378906,196.23025512695312,227.61000061035156,411.04998779296875,629.15576171875,149.39744567871094,129.5500030517578,19.8700008392334,218.25845336914062,164.34292602539062,58.03125762939453,431.17999267578125,244.83631896972656,329.4889831542969,157.14901733398438,114.23999786376953,881.7899780273438,89.52999877929688,66.30999755859375
2025-01-07 00:00:00-05:00,241.3532257080078,420.0617980957031,194.854736328125,222.11000061035156,394.3599853515625,616.8661499023438,140.10946655273438,127.33000183105469,20.010000228881836,219.5229034423828,160.71267700195312,58.189247131347656,422.6300048828125,247.27426147460938,323.9066162109375,157.80770874023438,106.77999877929688,879.1900024414062,87.97000122070312,66.1500015258789
2025-01-08 00:00:00-05:00,241.8414764404297,422.2398681640625,193.3197479248047,222.1300048828125,394.94000244140625,609.7080078125,140.07948303222656,121.83999633789062,19.8799991607666,218.7583465576172,161.81365966796875,58.45585250854492,419.5799865722656,251.21861267089844,325.8703918457031,156.39202880859375,107.63999938964844,875.0,87.94000244140625,64.91000366210938
2025-01-10 00:00:00-05:00,236.01219177246094,416.6604919433594,191.41592407226562,218.94000244140625,394.739990234375,614.8394775390625,135.8804168701172,116.04000091552734,19.149999618530273,215.3963165283203,153.6205596923828,58.00163650512695,405.9200134277344,249.2761688232422,316.84893798828125,154.32749938964844,103.70999908447266,837.6900024414062,83.36000061035156,65.97000122070312
2025-01-13 00:00:00-05:00,233.5708465576172,414.9101257324219,190.38929748535156,218.4600067138672,403.30999755859375,607.3219604492188,133.20098876953125,117.31999969482422,19.200000762939453,213.09286499023438,153.0438690185547,58.02138137817383,408.5,247.29408264160156,318.0650939941406,154.47499084472656,101.76000213623047,840.2899780273438,83.98999786376953,65.69999694824219
2025-01-14 00:00:00-05:00,232.45480346679688,413.3984375,189.04367065429688,217.75999450683594,396.3599853515625,593.2652587890625,131.73129272460938,116.08999633789062,19.200000762939453,213.43594360351562,155.42025756835938,58.5842170715332,412.7099914550781,251.228515625,322.52099609375,156.8344268798828,101.61000061035156,828.4000244140625,87.18000030517578,64.83999633789062
2025-01-15 00:00:00-05:00,237.02854919433594,423.98028564453125,194.91453552246094,223.35000610351562,428.2200012207031,616.0973510742188,136.21034240722656,119.95999908447266,19.719999313354492,215.67076110839844,157.40887451171875,59.22604751586914,417.2799987792969,259.4442443847656,320.14849853515625,161.63198852539062,104.23999786376953,848.260009765625,89.63999938964844,67.0199966430664
2025-01-16 00:00:00-05:00,227.4525604248047,422.25970458984375,192.28311157226562,220.66000366210938,413.82000732421875,610.2870483398438,133.54090881347656,118.44000244140625,19.670000076293945,218.24867248535156,158.63186645507812,59.068058013916016,426.92999267578125,259.2361145019531,318.9921569824219,158.7023162841797,103.5,842.3699951171875,88.91999816894531,68.58000183105469
2025-01-17 00:00:00-05:00,229.16647338867188,426.6854248046875,195.3630828857422,225.94000244140625,426.5,611.754638671875,137.6800079345703,121.45999908447266,21.489999771118164,220.33644104003906,160.11338806152344,59.472900390625,429.989990234375,260.47491455078125,323.5378112792969,161.7794189453125,103.3499984741211,858.0999755859375,91.80999755859375,67.33999633789062
2025-01-21 00:00:00-05:00,221.85243225097656,426.1582946777344,197.4064178466797,230.7100067138672,424.07000732421875,615.4385375976562,140.79933166503906,122.27999877929688,21.770000457763672,219.81695556640625,171.58770751953125,60.262847900390625,436.3599853515625,266.8770446777344,325.8105773925781,164.4436492919922,106.27999877929688,869.6799926757812,89.7699966430664,67.73999786376953
2025-01-22 00:00:00-05:00,223.03823852539062,443.7616271972656,197.72537231445312,235.00999450683594,415.1099853515625,622.4668579101562,147.03799438476562,123.75,21.860000610351562,218.83676147460938,183.17138671875,60.85530471801758,437.32000732421875,270.5538024902344,331.5723876953125,167.36346435546875,106.37000274658203,953.989990234375,89.8499984741211,67.81999969482422
2025-01-23 00:00:00-05:00,222.8688507080078,444.2687683105469,197.33665466308594,235.4199981689453,412.3800048828125,635.3953857421875,147.1879425048828,123.04000091552734,21.56999969482422,221.5616912841797,185.40858459472656,61.44776153564453,437.2799987792969,272.9025573730469,333.60595703125,171.41384887695312,106.0999984741211,984.8599853515625,89.7300033569336,68.30000305175781
2025-01-24 00:00:00-05:00,221.991943359375,441.6332702636719,199.5594024658203,234.85000610351562,406.5799865722656,646.4171142578125,142.58892822265625,122.83999633789062,20.829999923706055,220.3462677001953,182.55491638183594,61.44776153564453,435.3800048828125,273.8143310546875,332.82843017578125,169.2018585205078,107.68000030517578,977.5900268554688,89.11000061035156,68.55999755859375
2025-01-27 00:00:00-05:00,229.04690551757812,432.1851806640625,191.18670654296875,235.4199981689453,397.1499938964844,658.7865600585938,118.39420318603516,115.01000213623047,20.290000915527344,219.68954467773438,157.37904357910156,58.337364196777344,438.6000061035156,273.1304931640625,346.0068054199219,168.28756713867188,107.37999725341797,971.8900146484375,90.23999786376953,68.7699966430664
2025-01-28 00:00:00-05:00,237.4171905517578,444.7561340332031,194.6653594970703,238.14999389648438,398.0899963378906,673.212646484375,128.9619140625,114.16999816894531,19.799999237060547,221.189208984375,163.0664825439453,58.682960510253906,442.8399963378906,271.33673095703125,358.8163146972656,168.6513214111328,117.44999694824219,971.8300170898438,88.19000244140625,68.06999969482422
2025-01-29 00:00:00-05:00,238.51329040527344,439.9127197265625,194.77499389648438,237.07000732421875,389.1000061035156,675.3690185546875,123.67305755615234,117.3499984741211,19.75,224.1003875732422,161.09776306152344,58.80145263671875,441.67999267578125,274.3494567871094,352.88507080078125,168.80862426757812,116.58999633789062,978.1500244140625,88.76000213623047,66.75
2025-01-30 00:00:00-05:00,236.74954223632812,412.7221374511719,200.21725463867188,234.63999938964844,400.2799987792969,685.8616333007812,124.62285614013672,118.86000061035156,20.010000228881836,253.1531524658203,169.41018676757812,59.70988845825195,446.0,276.8567810058594,342.4879150390625,169.02490234375,119.18000030517578,973.239990234375,89.56999969482422,66.58999633789062
2025-01-31 00:00:00-05:00,235.16519165039062,412.7917785644531,203.35702514648438,237.67999267578125,404.6000061035156,688.0380249023438,120.04385375976562,115.94999694824219,19.43000030517578,250.63406372070312,169.0919952392578,59.838253021240234,437.45001220703125,273.58636474609375,340.6238098144531,170.00799560546875,116.80000305175781,976.760009765625,88.58000183105469,66.8499984741211
2025-02-03 00:00:00-05:00,227.20343017578125,408.6744079589844,200.57608032226562,237.4199981689453,383.67999267578125,696.3042602539062,116.63459777832031,114.2699966430664,19.3799991607666,255.56442260742188,167.6403045654297,60.27272415161133,438.6000061035156,270.11773681640625,338.1715393066406,167.36346435546875,114.38999938964844,978.9400024414062,89.51000213623047,67.29000091552734
2025-02-04 00:00:00-05:00,231.97650146484375,410.116455078125,205.7093505859375,242.05999755859375,392.2099914550781,703.0231323242188,118.62416076660156,119.5,19.290000915527344,259.22052001953125,166.93434143066406,60.56895446777344,440.2300109863281,275.61798095703125,343.0561218261719,170.1161651611328,119.19999694824219,994.8699951171875,77.7249984741211,69.75
2025-02-05 00:00:00-05:00,231.64768981933594,411.0314636230469,190.70826721191406,236.1699981689453,378.1700134277344,703.7020263671875,124.80281829833984,112.01000213623047,19.649999618530273,258.08349609375,170.68287658691406,61.78348922729492,437.6300048828125,280.6524963378906,346.83416748046875,172.8885040283203,121.7300033569336,1011.1099853515625,79.19999694824219,64.4800033569336
2025-02-06 00:00:00-05:00,232.39501953125,413.547607421875,190.97738647460938,238.8300018310547,374.32000732421875,710.8101806640625,128.65196228027344,110.16000366210938,19.3799991607666,248.41885375976562,171.36895751953125,61.48726272583008,435.3999938964844,280.692138671875,329.7680969238281,166.45901489257812,118.58000183105469,1015.6799926757812,78.56999969482422,69.98999786376953
2025-02-07 00:00:00-05:00,226.8247833251953,407.5107727050781,184.73770141601562,229.14999389648438,361.6199951171875,713.3359985351562,129.81170654296875,107.55999755859375,19.100000381469727,247.3406219482422,173.46694946289062,61.48726272583008,433.07000732421875,277.1343078613281,324.80377197265625,165.1219940185547,117.41000366210938,1013.9299926757812,77.30999755859375,74.5999984741211
2025-02-10 00:00:00-05:00,227.0941162109375,409.96728515625,185.86404418945312,233.13999938964844,350.7300109863281,716.2112426757812,133.54090881347656,110.4800033569336,19.770000457763672,245.95924377441406,177.90155029296875,62.02047348022461,451.1000061035156,278.22442626953125,326.16949462890625,168.4645538330078,119.9000015258789,1027.5999755859375,78.23999786376953,78.62999725341797
2025-02-11 00:00:00-05:00,232.052001953125,409.1915588378906,184.71778869628906,232.75999450683594,328.5,718.6072387695312,132.77108764648438,111.0999984741211,20.969999313354492,251.31710815429688,176.18141174316406,61.6452522277832,458.82000732421875,286.2815856933594,323.3782958984375,169.0839080810547,123.58999633789062,1008.0800170898438,76.20999908447266,76.94999694824219
2025-02-12 00:00:00-05:00,236.29161071777344,406.8046569824219,183.01333618164062,228.92999267578125,336.510009765625,724.1780395507812,131.11143493652344,111.72000122070312,22.479999542236328,252.41238403320312,171.2397003173828,61.74399185180664,462.760009765625,288.3627624511719,325.0928649902344,167.41261291503906,120.48999786376953,1027.31005859375,76.2699966430664,79.3499984741211
2025-02-13 00:00:00-05:00,240.94024658203125,408.2964782714844,185.5351104736328,230.3699951171875,355.94000244140625,727.352783203125,135.26052856445312,111.80999755859375,24.1299991607666,255.74749755859375,172.870361328125,63.03752517700195,459.2200012207031,291.05841064453125,328.8111572265625,169.24119567871094,127.6500015258789,1043.68994140625,76.58999633789062,80.29000091552734
2025-02-14 00:00:00-05:00,244.00274658203125,406.1979675292969,184.62808227539062,228.67999267578125,355.8399963378906,735.4492797851562,138.81976318359375,113.0999984741211,23.600000381469727,257.8097229003906,173.1686553955078,64.05458068847656,460.1600036621094,288.08526611328125,325.5115661621094,169.31983947753906,128.35000610351562,1058.5999755859375,77.97000122070312,79.41999816894531
2025-02-18 00:00:00-05:00,243.87306213378906,407.4013977050781,183.17283630371094,226.64999389648438,354.1099853515625,715.1829223632812,139.36964416503906,114.27999877929688,27.389999389648438,259.5759582519531,178.77655029296875,63.778099060058594,464.1099853515625,290.05743408203125,327.9239196777344,170.7060089111328,129.30999755859375,1035.8499755859375,78.62000274658203,81.48999786376953
2025-02-19 00:00:00-05:00,244.27207946777344,412.5033264160156,184.66795349121094,226.6300048828125,360.55999755859375,702.6038818359375,139.19967651367188,114.69000244140625,25.719999313354492,260.8093566894531,180.48675537109375,64.02494812011719,456.989990234375,285.8851623535156,323.50787353515625,172.2593231201172,127.66000366210938,1043.3299560546875,78.36000061035156,81.16000366210938
2025-02-20 00:00:00-05:00,245.229736328125,414.6857604980469,183.9602508544922,222.8800048828125,354.3999938964844,693.6885986328125,140.07948303222656,114.16999816894531,26.09000015258789,261.2237548828125,174.9981689453125,63.85708999633789,454.69000244140625,285.3401184082031,317.4270935058594,170.76499938964844,123.47000122070312,1024.5400390625,77.62999725341797,81.26000213623047
2025-02-21 00:00:00-05:00,244.95042419433594,406.793212890625,179.076171875,216.5800018310547,337.79998779296875,682.4173583984375,134.4007110595703,110.83999633789062,24.8700008392334,258.007080078125,166.8547821044922,63.17576599121094,444.32000732421875,280.4542541503906,308.8242492675781,162.63473510742188,115.55999755859375,1003.1500244140625,74.94999694824219,78.88999938964844
2025-02-24 00:00:00-05:00,246.49664306640625,402.59783935546875,178.66751098632812,212.7100067138672,330.5299987792969,667.0228881835938,130.2516326904297,108.11000061035156,24.270000457763672,258.3918762207031,168.99256896972656,62.445068359375,444.4200134277344,282.0002746582031,307.34893798828125,158.37791442871094,115.4800033569336,988.469970703125,75.25,76.41999816894531
2025-02-25 00:00:00-05:00,246.43678283691406,396.51898193359375,174.84994506835938,212.8000030517578,302.79998779296875,656.4105224609375,126.60242462158203,103.95999908447266,22.989999771118164,254.32659912109375,167.58062744140625,63.462120056152344,443.4100036621094,284.3688659667969,304.9166259765625,158.49588012695312,110.94999694824219,977.239990234375,74.06999969482422,74.94999694824219
2025-02-26 00:00:00-05:00,239.77308654785156,398.3426513671875,172.16868591308594,214.35000610351562,290.79998779296875,672.5836791992188,131.2514190673828,104.73999786376953,23.520000457763672,252.4419708251953,171.48826599121094,63.274513244628906,441.5,283.3183898925781,306.3620300292969,159.36102294921875,113.2300033569336,990.0599975585938,72.05000305175781,75.87000274658203
2025-02-27 00:00:00-05:00,236.72056579589844,391.16766357421875,167.9524383544922,208.74000549316406,281.95001220703125,657.1492309570312,120.12384033203125,99.51000213623047,23.09000015258789,249.86663818359375,163.82215881347656,63.007904052734375,437.19000244140625,272.13946533203125,293.97119140625,151.83042907714844,110.83000183105469,963.0700073242188,70.7300033569336,74.20999908447266
2025-02-28 00:00:00-05:00,241.24948120117188,395.6121520996094,169.72665405273438,212.27999877929688,292.9800109863281,667.0927734375,124.89279174804688,99.86000061035156,23.729999542236328,249.08714294433594,165.11476135253906,63.304134368896484,438.55999755859375,272.5358581542969,296.91192626953125,154.51431274414062,112.0,980.5599975585938,71.05000305175781,76.01000213623047
2025-03-03 00:00:00-05:00,237.4487762451172,387.14166259765625,166.46726989746094,205.02000427246094,284.6499938964844,653.964599609375,114.03515625,98.2300033569336,22.739999771118164,246.8670196533203,161.09776306152344,62.68205261230469,440.7200012207031,278.1352233886719,292.1369934082031,151.0242919921875,106.58000183105469,973.7000122070312,69.75,74.44000244140625
2025-03-04 00:00:00-05:00,235.35391235351562,387.26123046875,170.3645782470703,203.8000030517578,272.0400085449219,638.9395141601562,115.96473693847656,100.75,21.329999923706055,249.84690856933594,156.5736541748047,62.46481704711914,446.0299987792969,276.549560546875,286.4350280761719,151.85009765625,101.7300033569336,972.5800170898438,67.4800033569336,75.26000213623047
2025-03-05 00:00:00-05:00,235.1643829345703,399.628173828125,172.457763671875,208.36000061035156,279.1000061035156,655.3822021484375,117.27445983886719,101.66999816894531,20.809999465942383,248.01162719726562,160.640380859375,63.1560173034668,451.239990234375,284.1607666015625,291.0504455566406,155.81201171875,106.1500015258789,990.9199829101562,69.5,76.4800033569336
2025-03-06 00:00:00-05:00,234.75538635253906,395.5125427246094,171.78994750976562,200.6999969482422,263.45001220703125,626.8894653320312,110.5459213256836,98.8499984741211,20.75,245.38693237304688,150.08082580566406,62.61293411254883,444.7799987792969,276.83697509765625,285.1490478515625,154.2305450439453,102.48999786376953,906.3599853515625,68.08000183105469,74.95999908447266
2025-03-07 00:00:00-05:00,238.4862518310547,391.9449462890625,173.29502868652344,199.25,262.6700134277344,624.6232299804688,112.66545867919922,100.30999755859375,20.639999389648438,258.0662536621094,154.2768096923828,63.136268615722656,449.3999938964844,274.3197326660156,281.9990539550781,159.35049438476562,100.12999725341797,891.1099853515625,70.4800033569336,76.2699966430664
2025-03-10 00:00:00-04:00,226.92454528808594,378.8406066894531,165.52139282226562,194.5399932861328,222.14999389648438,596.9990844726562,106.95669555664062,96.62999725341797,19.93000030517578,253.48789978027344,147.94305419921875,61.279903411865234,435.0799865722656,258.9685363769531,272.04046630859375,153.18284606933594,92.75,866.6799926757812,68.16000366210938,73.05999755859375
2025-03-11 00:00:00-04:00,220.30076599121094,379.12957763671875,163.6952362060547,196.58999633789062,230.5800018310547,604.7063598632812,108.73631286621094,96.76000213623047,19.780000686645508,245.64349365234375,143.3592987060547,59.907371520996094,433.6600036621094,258.33428955078125,276.1773986816406,151.32464599609375,92.94999694824219,895.0999755859375,67.9800033569336,70.6500015258789
2025-03-12 00:00:00-04:00,216.45018005371094,381.9397888183594,166.7587890625,198.88999938964844,248.08999633789062,618.5333862304688,115.7254409790039,100.79000091552734,20.68000030517578,246.31446838378906,150.03111267089844,59.70001220703125,438.6000061035156,261.75335693359375,283.6836853027344,151.0281219482422,96.52999877929688,919.6799926757812,68.62000274658203,71.19999694824219
2025-03-13 00:00:00-04:00,209.1680145263672,377.45538330078125,162.41793823242188,193.88999938964844,240.67999267578125,589.6613159179688,115.56546020507812,98.11000061035156,23.700000762939453,242.5353240966797,146.81948852539062,58.91994094848633,377.8399963378906,252.90338134765625,270.8841552734375,150.1781005859375,90.58999633789062,890.1699829101562,66.91000366210938,69.51000213623047
2025-03-14 00:00:00-04:00,212.96871948242188,387.21142578125,165.14219665527344,197.9499969482422,249.97999572753906,607.1328125,121.65469360351562,100.97000122070312,24.049999237060547,245.0514678955078,148.42034912109375,59.73950958251953,394.739990234375,261.5155029296875,278.52001953125,154.76429748535156,94.8499984741211,918.0,68.94999694824219,71.55000305175781
2025-03-17 00:00:00-04:00,213.4774627685547,387.3509521484375,163.9447021484375,195.74000549316406,238.00999450683594,604.4349365234375,119.51496124267578,104.58999633789062,25.690000534057617,249.610107421875,153.1333465576172,60.12460708618164,399.3399963378906,267.1346740722656,279.86578369140625,156.118408203125,96.58999633789062,950.02001953125,69.6500015258789,72.7300033569336
2025-03-18 00:00:00-04:00,212.170654296875,382.18890380859375,160.3323211669922,192.82000732421875,225.30999755859375,581.9122314453125,115.41547393798828,103.51000213623047,25.920000076293945,243.6700439453125,148.59930419921875,59.54202651977539,391.3699951171875,268.2149353027344,277.8521423339844,154.47764587402344,94.01000213623047,929.97998046875,68.87999725341797,71.55000305175781
2025-03-19 00:00:00-04:00,214.7144317626953,386.4740295410156,163.54556274414062,195.5399932861328,235.86000061035156,583.6109619140625,117.50520324707031,106.2300033569336,24.1200008392334,248.93911743164062,151.5822296142578,60.351715087890625,387.8900146484375,269.0077819824219,278.51007080078125,156.4248046875,101.54000091552734,959.489990234375,70.0,73.0199966430664
2025-03-20 00:00:00-04:00,213.5772247314453,385.49737548828125,162.45785522460938,194.9499969482422,236.25999450683594,585.5494384765625,118.51508331298828,107.13999938964844,23.959999084472656,240.08827209472656,151.85069274902344,59.85799789428711,389.6099853515625,269.2555236816406,278.15118408203125,156.118408203125,101.8499984741211,950.8400268554688,69.66999816894531,74.3499984741211
2025-03-21 00:00:00-04:00,217.73703002929688,389.9020690917969,163.64535522460938,196.2100067138672,248.7100067138672,595.7915649414062,117.68518829345703,106.44000244140625,24.260000228881836,240.63096618652344,151.3634796142578,59.54202651977539,387.260009765625,270.0880126953125,279.7361755371094,155.00152587890625,104.20999908447266,960.2899780273438,70.19000244140625,75.83999633789062
2025-03-24 00:00:00-04:00,220.19102478027344,391.7157287597656,167.3275909423828,203.25999450683594,278.3900146484375,618.3742065429688,121.39472961425781,113.8499984741211,24.219999313354492,245.15013122558594,153.9884490966797,60.20360565185547,394.4700012207031,273.26922607421875,285.0593566894531,158.2237091064453,109.27999877929688,971.989990234375,70.97000122070312,76.51000213623047
2025-03-25 00:00:00-04:00,223.2036590576172,393.7885437011719,170.2015380859375,205.7100067138672,288.1400146484375,625.8284912109375,120.67481994628906,114.80999755859375,24.200000762939453,246.58087158203125,153.0537872314453,60.223350524902344,403.6400146484375,277.7190246582031,287.7010192871094,158.2928924560547,109.81999969482422,997.280029296875,70.86000061035156,75.61000061035156
2025-03-26 00:00:00-04:00,220.9890594482422,388.6165466308594,164.7130889892578,201.1300048828125,272.05999755859375,610.51025390625,113.74568939208984,110.19000244140625,23.420000076293945,247.0150146484375,146.9586944580078,61.023170471191406,397.80999755859375,265.5986022949219,280.10498046875,156.5532989501953,104.27999877929688,970.6500244140625,69.97000122070312,74.18000030517578
2025-03-27 00:00:00-04:00,223.30340576171875,389.2243957519531,161.89903259277344,201.36000061035156,273.1300048828125,602.11669921875,111.41597747802734,106.6500015258789,23.6200008392334,242.9398956298828,144.9501953125,60.628196716308594,396.1499938964844,265.74725341796875,276.9350280761719,156.13816833496094,102.5199966430664,976.719970703125,68.86000061035156,74.86000061035156
2025-03-28 00:00:00-04:00,217.36793518066406,377.48529052734375,154.0056610107422,192.72000122070312,263.54998779296875,576.2965698242188,109.65619659423828,103.22000122070312,22.709999084472656,240.7592315673828,140.06814575195312,60.09498596191406,385.7099914550781,265.5986022949219,269.1197204589844,150.9490509033203,96.68000030517578,933.8499755859375,65.1500015258789,72.75
2025-03-31 00:00:00-04:00,221.58761596679688,374.087158203125,154.31500244140625,190.25999450683594,259.1600036621094,575.9168701171875,108.36636352539062,102.73999786376953,22.709999084472656,245.35733032226562,139.01417541503906,60.93429946899414,383.5299987792969,266.0346374511719,267.5148010253906,151.8287353515625,95.4800033569336,932.530029296875,65.25,72.86000061035156
2025-04-01 00:00:00-04:00,222.64501953125,380.8635559082031,156.73989868164062,192.1699981689453,268.4599914550781,585.5494384765625,110.13614654541016,102.77999877929688,22.049999237060547,247.0150146484375,141.13204956054688,61.023170471191406,383.20001220703125,267.9176330566406,269.3489990234375,151.27523803710938,97.63999938964844,928.3800048828125,66.0999984741211,72.98999786376953
2025-04-02 00:00:00-04:00,223.3433074951172,380.813720703125,156.70994567871094,196.00999450683594,282.760009765625,583.4810180664062,110.4061050415039,102.95999908447266,21.979999542236328,246.65980529785156,145.0297393798828,61.04291534423828,385.7799987792969,268.9879455566406,270.6847839355469,152.2932891845703,100.6500015258789,935.52001953125,67.1500015258789,74.5
2025-04-03 00:00:00-04:00,202.69386291503906,371.8150329589844,150.4032440185547,178.41000366210938,267.2799987792969,531.2112426757812,101.78720092773438,93.80000305175781,22.43000030517578,240.25601196289062,136.44886779785156,56.96742630004883,367.25,261.97137451171875,254.42613220214844,137.8032684326172,82.29000091552734,917.0499877929688,61.709999084472656,69.8499984741211
2025-04-04 00:00:00-04:00,187.92002868652344,358.59112548828125,145.29400634765625,171.0,239.42999267578125,504.3419494628906,94.29813385009766,85.76000213623047,19.850000381469727,224.45863342285156,127.53987121582031,54.213985443115234,349.07000732421875,246.2733154296875,240.001708984375,125.98197174072266,76.88999938964844,855.8599853515625,58.369998931884766,64.62000274658203
2025-04-07 00:00:00-04:00,181.0169219970703,356.61798095703125,146.4415740966797,175.25999450683594,233.2899932861328,515.8530883789062,97.6277084350586,83.63999938964844,19.56999969482422,222.78121948242188,126.43618774414062,54.08475875854492,340.70001220703125,239.37567138671875,243.44085693359375,128.2157745361328,78.81999969482422,867.8300170898438,58.529998779296875,65.63999938964844
2025-04-08 00:00:00-04:00,171.99899291992188,353.3294372558594,144.39588928222656,170.66000366210938,221.86000061035156,510.05755615234375,96.28788757324219,78.20999908447266,18.1299991607666,218.0943145751953,123.79132843017578,52.87205123901367,340.0,235.401611328125,243.2215576171875,123.21443939208984,77.08999633789062,870.4000244140625,57.40999984741211,65.06999969482422
2025-04-09 00:00:00-04:00,198.3644561767578,389.13470458984375,158.37644958496094,191.10000610351562,272.20001220703125,585.3196411132812,114.31561279296875,96.83999633789062,21.530000686645508,232.1846466064453,138.89486694335938,57.78252410888672,364.6400146484375,257.28375244140625,264.3348693847656,141.9249267578125,91.4000015258789,945.469970703125,63.95000076293945,72.68000030517578
2025-04-10 00:00:00-04:00,189.95504760742188,380.0264587402344,152.4988250732422,181.22000122070312,252.39999389648438,545.8699951171875,107.55646514892578,88.69999694824219,19.8799991607666,226.50115966796875,133.0672607421875,56.25172805786133,350.04998779296875,256.1737976074219,254.71607971191406,132.84149169921875,84.62999725341797,921.1699829101562,60.560001373291016,70.94000244140625
2025-04-11 00:00:00-04:00,197.66615295410156,387.1018371582031,156.80975341796875,184.8699951171875,252.30999755859375,543.152099609375,110.9160385131836,93.4000015258789,19.739999771118164,232.35238647460938,132.0693817138672,56.987308502197266,352.4700012207031,256.827880859375,254.59628295898438,137.63523864746094,83.70999908447266,918.2899780273438,62.59000015258789,72.27999877929688
2025-04-14 00:00:00-04:00,202.02549743652344,386.4640197753906,158.73570251464844,182.1199951171875,252.35000610351562,531.0713500976562,110.6960678100586,94.5,20.309999465942383,235.8848419189453,134.35450744628906,57.06682586669922,350.9100036621094,257.2044982910156,254.14698791503906,137.57595825195312,82.7699966430664,931.280029296875,62.27000045776367,73.0999984741211
2025-04-15 00:00:00-04:00,201.64642333984375,384.3912658691406,155.9814910888672,179.58999633789062,254.11000061035156,521.1190795898438,112.18588256835938,95.29000091552734,19.850000381469727,237.50306701660156,133.656005859375,56.85808181762695,350.3800048828125,259.6127014160156,254.52638244628906,136.9927978515625,83.91000366210938,976.280029296875,62.0,74.0199966430664
2025-04-16 00:00:00-04:00,193.79563903808594,370.32025146484375,153.00775146484375,174.3300018310547,241.5500030517578,501.9237976074219,104.47685241699219,88.29000091552734,19.229999542236328,235.40135192871094,129.48484802246094,55.42668914794922,344.19000244140625,258.14599609375,249.44444274902344,134.16595458984375,83.95999908447266,961.6300048828125,60.2400016784668,73.05999755859375
2025-04-17 00:00:00-04:00,196.4990234375,366.5035400390625,150.84231567382812,172.61000061035156,241.3699951171875,501.0944519042969,101.47722625732422,87.5,18.93000030517578,235.63816833496094,128.34727478027344,55.42668914794922,348.79998779296875,255.09356689453125,246.8685302734375,135.07528686523438,83.6500015258789,973.030029296875,61.0,75.23999786376953
2025-04-21 00:00:00-04:00,192.68833923339844,357.87359619140625,147.35964965820312,167.32000732421875,227.5,484.2873840332031,96.89781188964844,85.55999755859375,18.84000015258789,233.0825653076172,122.55957794189453,54.04499816894531,343.2200012207031,248.29502868652344,235.8859405517578,134.5613250732422,81.63999938964844,987.9099731445312,60.28499984741211,72.91999816894531
2025-04-22 00:00:00-04:00,199.25228881835938,365.5469055175781,151.1516571044922,173.17999267578125,237.97000122070312,499.8953552246094,98.87755584716797,86.26000213623047,19.510000228881836,237.70040893554688,126.97019958496094,54.710994720458984,349.9100036621094,250.13836669921875,243.00465393066406,137.1311798095703,85.70999908447266,1040.3399658203125,61.41999816894531,74.44000244140625
2025-04-23 00:00:00-04:00,204.10043334960938,373.0906066894531,155.0235137939453,180.60000610351562,250.74000549316406,519.8699951171875,102.69707489013672,90.38999938964844,20.59000015258789,242.21957397460938,131.1213836669922,55.29747009277344,351.9599914550781,269.04742431640625,250.08343505859375,138.83123779296875,90.95999908447266,1049.5899658203125,62.459999084472656,73.7699966430664
2025-04-24 00:00:00-04:00,207.8612060546875,385.9557800292969,158.9452362060547,186.5399932861328,259.510009765625,532.7401123046875,106.4166030883789,94.47000122070312,21.489999771118164,226.28407287597656,137.21841430664062,55.953521728515625,360.9100036621094,271.0988464355469,264.28094482421875,145.50296020507812,95.12000274658203,1096.8699951171875,64.7699966430664,78.0999984741211
2025-04-25 00:00:00-04:00,208.76898193359375,390.4900207519531,161.61962890625,188.99000549316406,284.95001220703125,546.8492431640625,110.99604034423828,96.6500015258789,20.049999237060547,229.3231658935547,138.19635009765625,56.371009826660156,367.7200012207031,275.4594421386719,267.4259338378906,146.83729553222656,97.12000274658203,1101.530029296875,65.33999633789062,77.75
2025-04-28 00:00:00-04:00,209.62689208984375,389.8023986816406,160.2724609375,187.6999969482422,285.8800048828125,549.3173217773438,108.71631622314453,96.38999938964844,20.510000228881836,233.0233612060547,139.8428497314453,56.50023651123047,368.6199951171875,282.7931213378906,265.2194519042969,145.90818786621094,98.56999969482422,1110.3800048828125,64.93000030517578,78.33000183105469
2025-04-29 00:00:00-04:00,210.69427490234375,392.67242431640625,159.8234100341797,187.38999938964844,292.0299987792969,554.0137329101562,109.00627899169922,96.05999755859375,20.34000015258789,236.21044921875,140.49147033691406,56.99724578857422,370.9800109863281,289.9285888671875,267.3360900878906,145.17678833007812,98.91999816894531,1125.6400146484375,66.31999969482422,79.41999816894531
2025-04-30 00:00:00-04:00,211.9811248779297,393.88818359375,158.4662628173828,184.4199981689453,282.1600036621094,548.577880859375,108.90629577636719,97.3499984741211,20.100000381469727,238.6082000732422,140.42161560058594,57.38491439819336,374.9800109863281,289.57183837890625,268.2845764160156,146.73846435546875,95.0,1131.719970703125,65.83999633789062,81.01000213623047
2025-05-01 00:00:00-04:00,212.79913330078125,423.9235534667969,160.96099853515625,190.1999969482422,280.5199890136719,571.7700805664062,111.59595489501953,96.6500015258789,19.979999542236328,236.4768829345703,145.1815185546875,57.7725830078125,374.6300048828125,286.3410339355469,268.903564453125,133.64210510253906,97.01000213623047,1133.469970703125,65.41000366210938,80.88999938964844
2025-05-02 00:00:00-04:00,204.8485870361328,433.769287109375,163.68527221679688,189.97999572753906,287.2099914550781,596.56103515625,114.485595703125,98.80000305175781,20.6200008392334,242.2886505126953,150.41038513183594,58.9753532409668,380.8699951171875,299.0164489746094,274.64447021484375,138.1887664794922,99.25,1156.489990234375,67.23999786376953,84.27999877929688
2025-05-05 00:00:00-04:00,198.40435791015625,434.65618896484375,163.86489868164062,186.35000610351562,280.260009765625,598.8092651367188,113.80567932128906,100.58999633789062,20.270000457763672,245.8704376220703,148.97344970703125,58.96540832519531,381.05999755859375,299.9183044433594,272.1983642578125,137.82305908203125,98.37999725341797,1134.06005859375,68.54000091552734,85.43000030517578
2025-05-06 00:00:00-04:00,198.0252685546875,431.8061218261719,162.88693237304688,185.00999450683594,275.3500061035156,586.8584594726562,113.52571868896484,98.62000274658203,19.940000534057617,245.81121826171875,147.38681030273438,58.86600875854492,382.9800109863281,295.01263427734375,272.92718505859375,138.2777099609375,93.83000183105469,1137.68994140625,68.05000305175781,85.83000183105469
2025-05-07 00:00:00-04:00,195.7707977294922,431.8459777832031,151.06185913085938,188.7100067138672,276.2200012207031,596.3511352539062,117.04527282714844,100.36000061035156,20.309999465942383,250.00479125976562,149.0532684326172,59.21391677856445,384.9700012207031,294.665771484375,277.7895202636719,142.62669372558594,94.5,1155.4100341796875,68.69000244140625,83.6500015258789
2025-05-08 00:00:00-04:00,197.00778198242188,436.6492614746094,153.9557647705078,192.0800018310547,284.82000732421875,597.5502319335938,117.35523986816406,101.69999694824219,21.0,250.76455688476562,149.98130798339844,59.35307693481445,383.989990234375,291.6926574707031,279.2970886230469,143.41741943359375,94.0,1144.4300537109375,70.4800033569336,82.30000305175781
2025-05-09 00:00:00-04:00,198.0452423095703,437.20733642578125,152.42897033691406,193.05999755859375,298.260009765625,592.0344848632812,116.63532257080078,102.83999633789062,21.420000076293945,247.5264434814453,150.02122497558594,59.4127197265625,383.2799987792969,291.33587646484375,274.9839782714844,143.49647521972656,91.7699966430664,1140.219970703125,70.26000213623047,82.80999755859375
2025-05-12 00:00:00-04:00,210.55104064941406,447.70074462890625,158.12696838378906,208.63999938964844,318.3800048828125,638.9383544921875,122.98452758789062,108.12000274658203,22.18000030517578,251.98629760742188,156.8866424560547,61.301361083984375,395.94000244140625,290.8800048828125,288.36273193359375,150.35601806640625,104.33999633789062,1110.0,72.30999755859375,88.0999984741211
2025-05-13 00:00:00-04:00,212.68861389160156,447.5812072753906,159.19471740722656,211.3699951171875,334.07000732421875,655.525634765625,129.9136505126953,112.45999908447266,22.559999465942383,256.8533935546875,161.92593383789062,61.41070556640625,397.3999938964844,289.7300109863281,288.7121887207031,149.58505249023438,107.68000030517578,1138.43994140625,72.29000091552734,91.72000122070312
2025-05-14 00:00:00-04:00,212.08929443359375,451.36798095703125,165.02244567871094,210.25,347.67999267578125,658.85302734375,135.32296752929688,117.72000122070312,21.520000457763672,256.08856201171875,162.60447692871094,60.92363739013672,399.4700012207031,288.4599914550781,290.2796936035156,151.20603942871094,111.44999694824219,1150.989990234375,72.68000030517578,90.41000366210938
2025-05-15 00:00:00-04:00,211.21029663085938,452.3863220214844,163.61541748046875,205.1699981689453,342.82000732421875,643.3849487304688,134.8130340576172,114.98999786376953,21.549999237060547,264.8890380859375,159.06201171875,63.875885009765625,404.69000244140625,294.3500061035156,290.2996826171875,150.84033203125,110.20999908447266,1177.97998046875,71.56999969482422,90.16000366210938
2025-05-16 00:00:00-04:00,211.0205078125,453.5244445800781,165.84072875976562,205.58999633789062,349.9800109863281,639.8477172851562,135.38296508789062,117.16999816894531,21.65999984741211,264.9685363769531,160.1497039794922,63.23970413208008,417.1300048828125,296.4100036621094,290.68902587890625,150.7316131591797,110.75,1191.530029296875,72.18000030517578,91.79000091552734
2025-05-19 00:00:00-04:00,208.54331970214844,458.11688232421875,166.1899871826172,206.16000366210938,342.0899963378906,639.9376220703125,135.55294799804688,114.73999786376953,21.3799991607666,266.6074523925781,159.30149841308594,63.53791046142578,420.67999267578125,298.739990234375,287.17462158203125,151.91769409179688,109.0999984741211,1191.6400146484375,72.31999969482422,92.45999908447266
2025-05-20 00:00:00-04:00,206.62550354003906,457.4180603027344,163.6353759765625,204.07000732421875,343.82000732421875,636.6101684570312,134.36309814453125,113.51000213623047,21.270000457763672,265.1572570800781,159.97007751464844,63.04090118408203,417.6099853515625,299.2699890136719,287.60394287109375,152.0363006591797,106.43000030517578,1192.02001953125,72.61000061035156,91.87000274658203
2025-05-21 00:00:00-04:00,201.86090087890625,451.8272399902344,168.20574951171875,201.1199951171875,334.6199951171875,635.0114135742188,131.78341674804688,112.05999755859375,20.690000534057617,259.1180725097656,156.84671020507812,62.82221984863281,414.0299987792969,298.4100036621094,281.8330993652344,149.55540466308594,102.31999969482422,1194.6300048828125,71.6500015258789,88.66999816894531
2025-05-22 00:00:00-04:00,201.13172912597656,454.11346435546875,170.51089477539062,203.10000610351562,341.0400085449219,636.08056640625,132.81329345703125,110.70999908447266,20.549999237060547,256.6348571777344,156.9764404296875,62.98126220703125,414.3299865722656,299.8399963378906,282.9712829589844,145.6610870361328,103.29000091552734,1187.969970703125,71.44999694824219,88.0
2025-05-23 00:00:00-04:00,195.04864501953125,449.441162109375,168.11593627929688,200.99000549316406,339.3399963378906,626.577880859375,131.2734832763672,110.30999755859375,20.049999237060547,256.89312744140625,155.6392822265625,62.732757568359375,407.69000244140625,294.8699951171875,272.69757080078125,143.6941680908203,101.51000213623047,1185.3900146484375,69.8499984741211,87.75
2025-05-27 00:00:00-04:00,199.98304748535156,459.93389892578125,172.53662109375,206.02000427246094,362.8900146484375,641.826171875,135.48294067382812,114.55999755859375,20.549999237060547,261.46221923828125,161.5666961669922,63.36893081665039,413.1000061035156,301.8399963378906,276.75115966796875,146.906494140625,106.73999786376953,1211.5699462890625,71.4800033569336,89.0
2025-05-28 00:00:00-04:00,200.1927947998047,456.609375,171.9977569580078,204.72000122070312,356.8999938964844,643.085205078125,134.7930450439453,112.86000061035156,20.3700008392334,258.4922790527344,163.50257873535156,62.96138000488281,412.2300109863281,298.07000732421875,275.5929870605469,145.888427734375,107.11000061035156,1208.550048828125,71.44000244140625,88.26000213623047
2025-05-29 00:00:00-04:00,199.72332763671875,457.9272155761719,171.49880981445312,205.6999969482422,358.42999267578125,644.5540771484375,139.17250061035156,113.02999877929688,20.25,256.9527282714844,162.55458068847656,62.67311477661133,413.3599853515625,296.92999267578125,266.4974060058594,146.6198272705078,107.69999694824219,1184.8599853515625,70.93000030517578,84.30000305175781
2025-05-30 00:00:00-04:00,200.622314453125,459.60443115234375,171.3790740966797,205.00999450683594,346.4599914550781,646.9921875,135.11300659179688,110.7300033569336,19.549999237060547,257.3202209472656,165.17901611328125,62.66317367553711,415.0899963378906,302.8599853515625,264.9498596191406,143.51625061035156,107.22000122070312,1207.22998046875,70.27999877929688,84.16000366210938
2025-06-02 00:00:00-04:00,201.47134399414062,461.2118225097656,168.6747589111328,206.64999389648438,342.69000244140625,670.3842163085938,137.3627166748047,114.62999725341797,19.739999771118164,262.1277160644531,166.21681213378906,63.46833038330078,403.3999938964844,304.6600036621094,261.2057800292969,144.9296875,106.54000091552734,1218.97998046875,70.93000030517578,83.63999938964844
2025-06-03 00:00:00-04:00,203.03956604003906,462.2101745605469,165.83074951171875,205.7100067138672,344.2699890136719,666.3372802734375,141.2022247314453,117.30999755859375,20.290000915527344,263.41900634765625,168.78135681152344,63.975284576416016,412.489990234375,306.3900146484375,264.0513000488281,147.212890625,105.11000061035156,1217.93994140625,71.33000183105469,82.52999877929688
2025-06-04 00:00:00-04:00,202.590087890625,463.1086730957031,167.69680786132812,207.22999572753906,332.04998779296875,687.4210815429688,141.9021453857422,118.58000183105469,20.25,263.7368469238281,167.7435760498047,64.0051040649414,413.9100036621094,309.32000732421875,262.75335693359375,147.3216094970703,103.58000183105469,1239.6600341796875,72.80000305175781,83.44999694824219
2025-06-05 00:00:00-04:00,200.40257263183594,466.91241455078125,167.8564910888672,207.91000366210938,284.70001220703125,684.0936279296875,139.97239685058594,115.69000244140625,19.989999771118164,265.0678405761719,170.77711486816406,64.23373413085938,415.20001220703125,309.1000061035156,266.7170715332031,146.72500610351562,105.02999877929688,1250.52001953125,72.47000122070312,84.66999816894531
2025-06-06 00:00:00-04:00,203.68882751464844,469.6080017089844,173.31497192382812,213.57000732421875,295.1400146484375,697.173583984375,141.70216369628906,116.19000244140625,20.059999465942383,267.0643310546875,173.65101623535156,65.66512298583984,416.9200134277344,309.79998779296875,274.0754089355469,148.3955078125,111.41000366210938,1241.469970703125,73.43000030517578,85.5999984741211
2025-06-09 00:00:00-04:00,201.2216339111328,471.97412109375,175.93264770507812,216.97999572753906,308.5799865722656,693.5263671875,142.612060546875,121.7300033569336,20.479999542236328,270.2527770996094,176.7743682861328,65.5060806274414,416.260009765625,305.4200134277344,271.8189697265625,154.5305938720703,107.80000305175781,1224.4599609375,73.55000305175781,87.12000274658203
2025-06-10 00:00:00-04:00,202.44024658203125,470.1471252441406,178.44041442871094,217.61000061035156,326.0899963378906,701.8599853515625,143.94189453125,123.23999786376953,22.079999923706055,274.38482666015625,177.10366821289062,64.76055908203125,416.05999755859375,304.4100036621094,267.79534912109375,158.2295379638672,110.26000213623047,1203.6199951171875,74.76000213623047,86.38999938964844
2025-06-11 00:00:00-04:00,198.55465698242188,471.8443298339844,177.1915283203125,213.1999969482422,326.42999267578125,693.6063232421875,142.8219451904297,121.13999938964844,20.68000030517578,279.62939453125,176.00601196289062,63.80630111694336,412.8399963378906,299.2099914550781,265.489013671875,158.57754516601562,114.12999725341797,1219.8800048828125,74.61000061035156,86.58000183105469
2025-06-12 00:00:00-04:00,198.97418212890625,478.0840759277344,175.54299926757812,213.24000549316406,319.1099853515625,692.826904296875,144.9918212890625,118.5,20.770000457763672,279.1426696777344,199.43621826171875,64.71086120605469,413.67999267578125,301.739990234375,266.4874267578125,157.8019561767578,109.20999908447266,1215.030029296875,74.80999755859375,85.62000274658203
2025-06-13 00:00:00-04:00,196.227294921875,474.18048095703125,174.513916015625,212.10000610351562,325.30999755859375,682.344970703125,141.9619903564453,116.16000366210938,20.139999389648438,275.3582763671875,214.76365661621094,63.70689392089844,391.67999267578125,293.3599853515625,257.9908752441406,153.844482421875,105.33999633789062,1212.1500244140625,70.83000183105469,83.93000030517578
2025-06-16 00:00:00-04:00,198.195068359375,478.3536376953125,176.61204528808594,216.10000610351562,329.1300048828125,702.1199951171875,144.6818389892578,126.38999938964844,20.739999771118164,279.9372863769531,210.6523895263672,65.118408203125,401.7300109863281,295.8399963378906,263.46221923828125,155.98231506347656,108.37000274658203,1225.3499755859375,72.26000213623047,85.12000274658203
2025-06-17 00:00:00-04:00,195.418212890625,477.25543212890625,175.7927703857422,214.82000732421875,316.3500061035156,697.22998046875,144.1118621826172,127.0999984741211,20.799999237060547,281.14910888671875,207.7385711669922,64.93948364257812,382.67999267578125,292.6400146484375,262.343994140625,153.58596801757812,106.52999877929688,1220.6700439453125,70.66999816894531,84.76000213623047
2025-06-18 00:00:00-04:00,196.35714721679688,479.4518127441406,173.16513061523438,212.52000427246094,322.04998779296875,695.77001953125,145.47178649902344,126.79000091552734,21.489999771118164,281.30804443359375,210.42286682128906,65.4464340209961,378.0400085449219,289.80999755859375,259.5,152.7606658935547,105.97000122070312,1222.2900390625,68.56999969482422,83.44000244140625
2025-06-20 00:00:00-04:00,200.7721405029297,476.6164855957031,166.4910888671875,209.69000244140625,322.1600036621094,682.3499755859375,143.84188842773438,128.24000549316406,21.079999923706055,279.0830993652344,204.73495483398438,65.92356872558594,376.9200134277344,287.5899963378906,260.6300048828125,150.46372985839844,106.4000015258789,1231.4100341796875,70.05000305175781,83.77999877929688
2025-06-23 00:00:00-04:00,201.27157592773438,485.2023620605469,165.04238891601562,208.47000122070312,348.67999267578125,698.530029296875,144.161865234375,129.5800018310547,21.190000534057617,287.2379455566406,206.6009979248047,66.97722625732422,380.1199951171875,290.79998779296875,263.4100036621094,152.27342224121094,109.9800033569336,1253.5400390625,72.01000213623047,85.23999786376953
2025-06-24 00:00:00-04:00,200.07293701171875,489.30560302734375,166.62098693847656,212.77000427246094,340.4700012207031,712.2000122070312,147.8916473388672,138.42999267578125,22.549999237060547,291.8169860839844,214.8135528564453,67.48418426513672,382.3399963378906,297.0799865722656,271.1700134277344,154.82888793945312,114.41999816894531,1279.1099853515625,73.58000183105469,91.6500015258789
2025-06-25 00:00:00-04:00,201.33151245117188,491.4620666503906,170.52748107910156,211.99000549316406,327.54998779296875,708.6799926757812,154.30130004882812,143.39999389648438,22.200000762939453,289.1053161621094,210.273193359375,67.78239440917969,387.54998779296875,293.2900085449219,267.760009765625,155.04763793945312,113.88999938964844,1275.25,73.06999969482422,90.9000015258789
2025-06-26 00:00:00-04:00,200.7721405029297,496.6335754394531,173.38491821289062,217.1199951171875,325.7799987792969,726.0900268554688,155.01126098632812,143.67999267578125,22.5,289.969482421875,212.36874389648438,68.537841796875,384.95001220703125,295.54998779296875,270.739990234375,157.29486083984375,113.06999969482422,1306.6700439453125,73.16999816894531,93.12000274658203
2025-06-27 00:00:00-04:00,200.85205078125,495.1260681152344,178.37046813964844,223.3000030517578,323.6300048828125,733.6300048828125,157.74110412597656,143.80999755859375,22.690000534057617,287.75445556640625,209.79421997070312,68.23963928222656,385.8299865722656,301.0899963378906,273.4200134277344,157.6428680419922,113.6500015258789,1323.1199951171875,73.63999938964844,91.52999877929688
2025-06-30 00:00:00-04:00,204.93740844726562,496.5936584472656,176.07252502441406,219.38999938964844,317.6600036621094,738.0900268554688,157.98109436035156,141.89999389648438,22.399999618530273,292.80035400390625,218.1664276123047,68.96527099609375,386.8800048828125,304.1000061035156,272.69000244140625,158.35879516601562,115.3499984741211,1339.1300048828125,74.31999969482422,93.30000305175781
2025-07-01 00:00:00-04:00,207.58441162109375,491.242431640625,175.682861328125,220.4600067138672,300.7099914550781,719.219970703125,153.29136657714844,136.11000061035156,22.850000381469727,289.244384765625,218.4957275390625,68.68695068359375,392.1000061035156,300.67999267578125,271.9100036621094,158.4980010986328,112.66999816894531,1293.5999755859375,75.29000091552734,92.12999725341797
2025-07-02 00:00:00-04:00,212.1991729736328,490.2840270996094,178.48036193847656,219.9199981689453,315.6499938964844,713.5700073242188,157.2411346435547,138.52000427246094,21.8799991607666,285.7182312011719,229.4923553466797,68.17999267578125,378.4700012207031,298.1600036621094,269.2099914550781,161.4014892578125,114.7699966430664,1284.8599853515625,76.30999755859375,92.05000305175781
2025-07-03 00:00:00-04:00,213.30792236328125,498.02130126953125,179.36956787109375,223.41000366210938,315.3500061035156,719.010009765625,159.3310089111328,137.91000366210938,22.489999771118164,290.00921630859375,236.81680297851562,69.37000274658203,379.30999755859375,303.7200012207031,272.1499938964844,161.2921142578125,116.5199966430664,1297.1800537109375,76.58999633789062,93.62999725341797
2025-07-07 00:00:00-04:00,209.7119903564453,496.90313720703125,176.63201904296875,223.47000122070312,293.94000244140625,718.3499755859375,158.2310791015625,134.8000030517578,22.0,290.505859375,231.76751708984375,68.93000030517578,376.92999267578125,305.5299987792969,269.79998779296875,157.19541931152344,116.66000366210938,1289.6199951171875,76.18000030517578,96.68000030517578
2025-07-08 00:00:00-04:00,209.7719268798828,495.804931640625,174.20419311523438,219.36000061035156,297.80999755859375,720.6699829101562,159.99098205566406,137.82000732421875,23.59000015258789,288.4696350097656,234.00277709960938,68.58999633789062,382.239990234375,308.760009765625,273.6499938964844,158.54771423339844,112.4800033569336,1275.31005859375,75.02999877929688,97.4800033569336
2025-07-09 00:00:00-04:00,210.90065002441406,502.68365478515625,176.46217346191406,222.5399932861328,295.8800048828125,732.780029296875,162.87081909179688,138.41000366210938,23.440000534057617,288.1915283203125,235.30999755859375,69.2699966430664,373.3800048828125,311.92999267578125,270.9200134277344,158.4482879638672,114.31999969482422,1288.280029296875,74.83000183105469,96.63999938964844
2025-07-10 00:00:00-04:00,212.16920471191406,500.656982421875,177.46127319335938,222.25999450683594,309.8699951171875,727.239990234375,164.09075927734375,144.16000366210938,23.81999969482422,285.49969482421875,235.0,68.76000213623047,371.42999267578125,306.2099914550781,263.9700012207031,158.18975830078125,115.16000366210938,1250.5899658203125,75.69999694824219,96.4000015258789
2025-07-11 00:00:00-04:00,210.92062377929688,502.49395751953125,180.02899169921875,225.02000427246094,313.510009765625,717.510009765625,164.91070556640625,146.4199981689453,23.43000030517578,281.68548583984375,230.55999755859375,67.94999694824219,363.3500061035156,300.8500061035156,258.07000732421875,156.56898498535156,112.11000061035156,1245.1099853515625,71.36000061035156,95.38999938964844
2025-07-14 00:00:00-04:00,208.3834991455078,502.1944274902344,181.3977508544922,225.69000244140625,316.8999938964844,720.9199829101562,164.06076049804688,146.24000549316406,23.299999237060547,281.8841552734375,229.27999877929688,67.81999969482422,366.989990234375,300.6400146484375,259.67999267578125,153.4169158935547,116.73999786376953,1261.949951171875,73.88999938964844,93.88999938964844
2025-07-15 00:00:00-04:00,208.87295532226562,504.9898376464844,181.83737182617188,226.35000610351562,310.7799987792969,710.3900146484375,170.69036865234375,155.61000061035156,22.920000076293945,280.8014831542969,234.9600067138672,67.18000030517578,364.17999267578125,301.5799865722656,257.5799865722656,153.42686462402344,115.05000305175781,1260.27001953125,72.95999908447266,92.20999908447266
2025-07-16 00:00:00-04:00,209.92176818847656,504.7901611328125,182.80650329589844,223.19000244140625,321.6700134277344,702.9099731445312,171.36033630371094,160.0800018310547,22.690000534057617,280.0267333984375,241.3000030517578,67.37000274658203,361.7699890136719,306.0199890136719,257.95001220703125,153.1981658935547,120.0,1250.31005859375,72.97000122070312,90.75
2025-07-17 00:00:00-04:00,209.78192138671875,510.8601989746094,183.41595458984375,223.8800048828125,319.4100036621094,701.4099731445312,172.99024963378906,160.41000366210938,22.799999237060547,280.1061706542969,248.75,68.30000305175781,366.45001220703125,308.6099853515625,259.8800048828125,151.74642944335938,126.75,1274.1700439453125,73.86000061035156,90.5
2025-07-18 00:00:00-04:00,210.9405975341797,509.212890625,184.89462280273438,226.1300048828125,329.6499938964844,704.280029296875,172.40028381347656,156.99000549316406,23.100000381469727,283.9501647949219,245.4499969482422,68.05000305175781,365.7900085449219,305.9700012207031,262.3800048828125,153.92404174804688,127.06999969482422,1209.239990234375,74.16999816894531,90.58999633789062
2025-07-21 00:00:00-04:00,212.23912048339844,509.2228698730469,189.9301300048828,229.3000030517578,328.489990234375,712.969970703125,171.37034606933594,157.0,23.260000228881836,282.7979736328125,243.5399932861328,68.33999633789062,367.67999267578125,307.2699890136719,262.2799987792969,158.0704345703125,128.42999267578125,1233.27001953125,74.81999969482422,91.16000366210938
2025-07-22 00:00:00-04:00,214.15695190429688,504.44073486328125,191.1690216064453,227.47000122070312,332.1099853515625,704.8099975585938,167.0205841064453,154.72000122070312,23.239999771118164,280.0664367675781,238.11000061035156,68.16000366210938,372.8699951171875,306.2900085449219,263.5899963378906,157.0959930419922,123.70999908447266,1190.0799560546875,76.0,91.79000091552734
2025-07-23 00:00:00-04:00,213.9072265625,505.0397644042969,190.0600128173828,228.2899932861328,332.55999755859375,713.5800170898438,170.77037048339844,158.64999389648438,23.489999771118164,280.1161193847656,241.89999389648438,68.62000274658203,372.4599914550781,290.6300048828125,267.2200012207031,158.9752960205078,122.20999908447266,1176.780029296875,76.66000366210938,89.94000244140625
2025-07-24 00:00:00-04:00,213.51766967773438,510.0415344238281,191.99827575683594,232.22999572753906,305.29998779296875,714.7999877929688,173.73020935058594,162.1199951171875,22.6299991607666,258.760498046875,242.8300018310547,68.29000091552734,371.69000244140625,286.1600036621094,267.70001220703125,157.94117736816406,122.08000183105469,1180.760009765625,77.81999969482422,90.87000274658203
2025-07-25 00:00:00-04:00,213.63754272460938,512.866943359375,193.0073699951172,231.44000244140625,316.05999755859375,712.6799926757812,173.49021911621094,166.47000122070312,20.700000762939453,257.9757995605469,245.1199951171875,68.69000244140625,370.739990234375,288.0299987792969,269.1099853515625,157.503662109375,124.43000030517578,1180.489990234375,77.9800033569336,91.29000091552734
2025-07-28 00:00:00-04:00,213.80735778808594,511.65887451171875,192.4079132080078,232.7899932861328,325.5899963378906,717.6300048828125,176.7400360107422,173.66000366210938,20.68000030517578,261.4423522949219,247.7100067138672,67.91999816894531,369.4700012207031,282.3800048828125,270.25,160.138671875,126.83999633789062,1174.5999755859375,78.22000122070312,90.5999984741211
2025-07-29 00:00:00-04:00,211.03050231933594,511.728759765625,195.5750732421875,231.00999450683594,321.20001220703125,700.0,175.50009155273438,177.44000244140625,20.40999984741211,260.6477355957031,249.97999572753906,67.95999908447266,370.70001220703125,287.5400085449219,267.3900146484375,161.162841796875,124.8499984741211,1168.739990234375,71.44999694824219,87.11000061035156
2025-07-30 00:00:00-04:00,208.81301879882812,512.3976440429688,196.35438537597656,230.19000244140625,319.0400085449219,695.2100219726562,179.25990295410156,179.50999450683594,20.34000015258789,258.5121765136719,250.60000610351562,68.27999877929688,364.0,290.5,264.80999755859375,158.15992736816406,123.01000213623047,1184.199951171875,69.70999908447266,87.63999938964844
2025-07-31 00:00:00-04:00,207.33470153808594,532.6243896484375,191.728515625,234.11000061035156,308.2699890136719,773.4400024414062,177.85997009277344,176.30999755859375,19.799999237060547,251.4499053955078,253.77000427246094,68.08000183105469,357.69000244140625,286.70001220703125,258.3299865722656,145.9295196533203,122.20999908447266,1159.4000244140625,68.76000213623047,87.75
2025-08-01 00:00:00-04:00,202.1505889892578,523.2498168945312,188.96099853515625,214.75,302.6300048828125,750.010009765625,173.710205078125,171.6999969482422,19.309999465942383,248.37074279785156,244.4199981689453,67.11000061035156,347.79998779296875,283.0,250.74000549316406,147.3514404296875,118.5999984741211,1158.5999755859375,67.11000061035156,86.91000366210938
2025-08-04 00:00:00-04:00,203.11949157714844,534.7609252929688,194.86570739746094,211.64999389648438,309.260009765625,776.3699951171875,179.98985290527344,176.77999877929688,19.5,250.2877655029297,252.52999877929688,68.48999786376953,338.8500061035156,283.7900085449219,252.32000732421875,146.67527770996094,125.20999908447266,1170.989990234375,68.01000213623047,88.43000030517578
2025-08-05 00:00:00-04:00,202.68995666503906,526.8838500976562,194.4960479736328,213.75,308.7200012207031,763.4600219726562,178.24993896484375,174.30999755859375,20.190000534057617,248.986572265625,255.6699981689453,67.5199966430664,338.739990234375,285.19000244140625,247.49000549316406,145.87982177734375,127.0,1147.8699951171875,67.83000183105469,89.38999938964844
2025-08-06 00:00:00-04:00,213.0082550048828,524.0784912109375,195.91476440429688,222.30999755859375,319.9100036621094,771.989990234375,179.40988159179688,163.1199951171875,20.40999984741211,250.58575439453125,256.42999267578125,69.20999908447266,345.6199951171875,291.7799987792969,249.1699981689453,145.01473999023438,154.89999389648438,1178.47998046875,69.41999816894531,89.22000122070312
2025-08-07 00:00:00-04:00,219.7805633544922,519.9852294921875,196.34439086914062,223.1300048828125,322.2699890136719,761.8300170898438,180.7598114013672,172.39999389648438,19.770000457763672,248.47999572753906,249.38999938964844,69.9000015258789,338.2699890136719,295.4599914550781,240.8800048828125,145.0743865966797,151.07000732421875,1180.3699951171875,68.22000122070312,92.66999816894531
2025-08-08 00:00:00-04:00,229.0900115966797,521.1832275390625,201.24000549316406,222.69000244140625,329.6499938964844,769.2999877929688,182.689697265625,172.75999450683594,19.950000762939453,242.27000427246094,250.0500030517578,71.79000091552734,341.04998779296875,292.1199951171875,240.50999450683594,146.72500610351562,149.61000061035156,1211.6400146484375,67.6500015258789,89.55999755859375
2025-08-11 00:00:00-04:00,227.17999267578125,520.9136962890625,200.8203887939453,221.3000030517578,339.0299987792969,765.8699951171875,182.0497283935547,172.27999877929688,20.649999618530273,236.3000030517578,252.67999267578125,70.66999816894531,333.6499938964844,287.239990234375,232.67999267578125,147.1326904296875,147.5,1218.31005859375,67.08000183105469,90.58000183105469
2025-08-12 00:00:00-04:00,229.64999389648438,528.3713989257812,203.15829467773438,221.47000122070312,340.8399963378906,790.0,183.14967346191406,174.9499969482422,21.809999465942383,234.77000427246094,253.86000061035156,71.37999725341797,338.42999267578125,275.8900146484375,231.66000366210938,152.86009216308594,149.3000030517578,1225.280029296875,67.97000122070312,91.7300033569336
2025-08-13 00:00:00-04:00,233.3300018310547,519.7256469726562,201.779541015625,224.55999755859375,339.3800048828125,780.0800170898438,181.5797576904297,184.4199981689453,22.219999313354492,240.07000732421875,244.17999267578125,70.4000015258789,351.07000732421875,278.82000732421875,237.02999877929688,155.7039031982422,150.08999633789062,1204.43994140625,70.62999725341797,90.83000183105469
2025-08-14 00:00:00-04:00,232.77999877929688,521.6224975585938,202.75865173339844,230.97999572753906,335.5799865722656,782.1300048828125,182.00973510742188,180.9499969482422,23.860000610351562,237.11000061035156,244.9600067138672,69.30000305175781,348.5799865722656,278.9100036621094,233.3699951171875,157.19541931152344,144.27000427246094,1230.56005859375,69.37999725341797,91.4000015258789
2025-08-15 00:00:00-04:00,231.58999633789062,519.3162841796875,203.71778869628906,231.02999877929688,330.55999755859375,785.22998046875,180.4398193359375,177.50999450683594,24.559999465942383,239.72000122070312,248.27999877929688,66.19999694824219,354.8500061035156,277.8500061035156,242.44000244140625,156.956787109375,141.47000122070312,1238.949951171875,69.2300033569336,92.5999984741211
2025-08-18 00:00:00-04:00,230.88999938964844,516.2512817382812,203.3181610107422,231.49000549316406,335.1600036621094,767.3699951171875,181.99972534179688,176.13999938964844,23.65999984741211,239.4499969482422,249.07000732421875,66.94999694824219,357.239990234375,276.7200012207031,243.97000122070312,158.00082397460938,143.11000061035156,1245.0899658203125,69.52999877929688,93.9800033569336
2025-08-19 00:00:00-04:00,230.55999755859375,508.933349609375,201.389892578125,228.00999450683594,329.30999755859375,751.47998046875,175.63009643554688,166.5500030517578,25.309999465942383,241.27999877929688,234.6199951171875,66.76000213623047,361.0299987792969,274.2300109863281,246.0,155.36582946777344,139.25,1214.1500244140625,69.05000305175781,95.31999969482422
2025-08-20 00:00:00-04:00,226.00999450683594,504.8900146484375,199.1418914794922,223.80999755859375,323.8999938964844,747.719970703125,175.39010620117188,165.1999969482422,23.540000915527344,242.5500030517578,235.05999755859375,67.11000061035156,353.42999267578125,272.5299987792969,246.4499969482422,154.56040954589844,137.2899932861328,1213.8599853515625,68.08000183105469,93.7300033569336
2025-08-21 00:00:00-04:00,224.89999389648438,504.239990234375,199.57150268554688,221.9499969482422,320.1099853515625,739.0999755859375,174.97012329101562,163.7100067138672,23.5,239.39999389648438,233.16000366210938,67.0199966430664,353.42999267578125,269.2099914550781,245.8300018310547,153.25782775878906,136.67999267578125,1206.2099609375,67.55000305175781,94.2300033569336
2025-08-22 00:00:00-04:00,227.75999450683594,507.2300109863281,205.9058380126953,228.83999633789062,340.010009765625,754.7899780273438,177.97996520996094,167.75999450683594,24.799999237060547,242.08999633789062,236.3699951171875,67.31999969482422,362.0899963378906,271.1099853515625,248.2899932861328,157.11585998535156,142.11000061035156,1204.6500244140625,69.9000015258789,96.79000091552734
2025-08-25 00:00:00-04:00,227.16000366210938,504.260009765625,208.30369567871094,227.94000244140625,346.6000061035156,753.2999877929688,179.79986572265625,163.36000061035156,24.549999237060547,239.42999267578125,235.41000366210938,67.13999938964844,363.2099914550781,270.260009765625,247.8699951171875,155.5348663330078,140.52999877929688,1218.0699462890625,69.4800033569336,95.16000366210938
2025-08-26 00:00:00-04:00,229.30999755859375,502.0400085449219,206.95489501953125,228.7100067138672,351.6700134277344,754.0999755859375,181.75975036621094,166.6199951171875,24.350000381469727,242.6300048828125,234.2100067138672,68.38999938964844,354.9100036621094,269.8599853515625,243.74000549316406,158.26930236816406,140.85000610351562,1226.0899658203125,70.18000030517578,96.52999877929688
2025-08-27 00:00:00-04:00,230.49000549316406,506.739990234375,207.29458618164062,229.1199951171875,349.6000061035156,747.3800048828125,181.5897674560547,167.1300048828125,24.850000381469727,244.83999633789062,235.80999755859375,68.44000244140625,356.3500061035156,275.1099853515625,250.16000366210938,158.8659210205078,139.88999938964844,1223.5,69.6500015258789,95.33000183105469
2025-08-28 00:00:00-04:00,232.55999755859375,509.6400146484375,211.4508819580078,231.60000610351562,345.9800109863281,751.1099853515625,180.1598358154297,168.5800018310547,24.93000030517578,245.72999572753906,240.32000732421875,69.43000030517578,353.9599914550781,275.3999938964844,254.52999877929688,159.8900909423828,141.5399932861328,1231.449951171875,70.05999755859375,95.95999908447266
2025-08-29 00:00:00-04:00,232.13999938964844,506.69000244140625,212.71974182128906,229.0,333.8699951171875,738.7000122070312,174.170166015625,162.6300048828125,24.350000381469727,243.49000549316406,226.1300048828125,69.08999633789062,356.70001220703125,272.1600036621094,256.25,159.8204803466797,141.27999877929688,1208.25,70.19000244140625,93.75
